{
  "global": [
    {
      "type": "SET_MODEL_NAME",
      "input": {
        "name": "ToDo"
      },
      "scope": "global",
      "id": "b737d292-afc0-41e5-ac2e-79138837b3a8",
      "index": 0,
      "timestamp": "2025-04-02T20:10:56.370Z",
      "hash": "E7bM9qJgZb4lpPaZJeMoLsnmuJ0=",
      "skip": 0
    },
    {
      "type": "SET_STATE_SCHEMA",
      "input": {
        "schema": "type ToDoState {\n  \"Add your global state fields here\"\n  _placeholder: String\n}",
        "scope": "global"
      },
      "scope": "global",
      "id": "2a02f93b-03c5-4899-9e67-858a9cb20834",
      "index": 1,
      "timestamp": "2025-04-02T20:10:56.370Z",
      "hash": "/6f6XKJWb0zNzYnP8aTnBNGY9dQ=",
      "skip": 0
    },
    {
      "type": "SET_MODEL_ID",
      "input": {
        "id": "powerhouse"
      },
      "scope": "global",
      "id": "8920a93b-11b1-4a2a-9bc9-606eca4625ba",
      "index": 2,
      "timestamp": "2025-04-02T20:11:35.183Z",
      "hash": "nVmGs8xLyjEAEK3t3tdG/9qtKYo=",
      "skip": 0
    },
    {
      "type": "SET_MODEL_ID",
      "input": {
        "id": "powerhouse/todo"
      },
      "scope": "global",
      "id": "ce58584e-8647-4337-9ad0-a01d461a0528",
      "index": 3,
      "timestamp": "2025-04-02T20:11:43.919Z",
      "hash": "HdNkwdYhXzLW6pJayHzzoL/n+d0=",
      "skip": 0
    },
    {
      "type": "SET_MODEL_DESCRIPTION",
      "input": {
        "description": "todo document model"
      },
      "scope": "global",
      "id": "ef823dff-7638-4eae-a347-fbb89084c9db",
      "index": 4,
      "timestamp": "2025-04-02T20:11:48.689Z",
      "hash": "/2UghIkzGdIQ7i4239O1vMpvQTg=",
      "skip": 0
    },
    {
      "type": "SET_AUTHOR_NAME",
      "input": {
        "authorName": "Powerhouse"
      },
      "scope": "global",
      "id": "e97446ae-69d0-4297-bbe3-df57b0edba96",
      "index": 5,
      "timestamp": "2025-04-02T20:11:59.456Z",
      "hash": "vkWexy1Yj50n2mOCq0eBVxTm0K0=",
      "skip": 0
    },
    {
      "type": "SET_AUTHOR_WEBSITE",
      "input": {
        "authorWebsite": "https://powerhouse.inc"
      },
      "scope": "global",
      "id": "396572ab-a3b0-4c3c-b957-305ed20ebe44",
      "index": 6,
      "timestamp": "2025-04-02T20:12:09.223Z",
      "hash": "fnAeNpgY8ebzabuVLTkT2IniEKM=",
      "skip": 0
    },
    {
      "type": "SET_MODEL_EXTENSION",
      "input": {
        "extension": ".phdm"
      },
      "scope": "global",
      "id": "44d5325f-b9f2-46b7-9598-010bfb6e76a8",
      "index": 7,
      "timestamp": "2025-04-02T20:12:15.730Z",
      "hash": "jxCuS/v80K/YjthR1XcwwZ0E5SU=",
      "skip": 0
    },
    {
      "type": "SET_STATE_SCHEMA",
      "input": {
        "schema": "type ToDoState {\n  \"Add your global state fields here\"\n  _placeholder: String\n}\n\n# Defines a GraphQL type for a single to-do item\ntype ToDoItem {\n  id: ID! # Unique identifier for each to-do item\n  text: String! # The text description of the to-do item\n  checked: Boolean! # Status of the to-do item (checked/unchecked)\n}\n\n# Defines a GraphQL type for the statistics of the to-do list\ntype ToDoListStats {\n  total: Int! # Total number of items\n  checked: Int! # Number of checked items\n  unchecked: Int! # Number of unchecked items\n}",
        "scope": "global"
      },
      "scope": "global",
      "id": "aad15425-fb58-48bf-9e85-ecd19312efc7",
      "index": 8,
      "timestamp": "2025-04-02T20:12:44.547Z",
      "hash": "4lcsdKIsr4IdcvuW6z2SB8RW6TQ=",
      "skip": 0
    },
    {
      "type": "SET_STATE_SCHEMA",
      "input": {
        "schema": "type ToDoState {\n  items: [ToDoItem!]!\n  stats: ToDoListStats!\n}\n\n# Defines a GraphQL type for a single to-do item\ntype ToDoItem {\n  id: ID! # Unique identifier for each to-do item\n  text: String! # The text description of the to-do item\n  checked: Boolean! # Status of the to-do item (checked/unchecked)\n}\n\n# Defines a GraphQL type for the statistics of the to-do list\ntype ToDoListStats {\n  total: Int! # Total number of items\n  checked: Int! # Number of checked items\n  unchecked: Int! # Number of unchecked items\n}",
        "scope": "global"
      },
      "scope": "global",
      "id": "fe9ae9ba-8518-45e5-9c77-6f3faa68b79e",
      "index": 9,
      "timestamp": "2025-04-02T20:12:59.447Z",
      "hash": "L/RhRskB7HriLgqKE6KXogfyaws=",
      "skip": 0
    },
    {
      "type": "SET_INITIAL_STATE",
      "input": {
        "initialValue": "{\n  \"items\": [],\n  \"stats\": {\n    \"total\": 0,\n    \"checked\": 0,\n    \"unchecked\": 0\n  }\n}",
        "scope": "global"
      },
      "scope": "global",
      "id": "9bcea3f1-b5db-4f35-87b4-f1f0b0603b7e",
      "index": 10,
      "timestamp": "2025-04-02T20:13:00.616Z",
      "hash": "/gvILD/fmYP0Yo+hhHAJJe0m19E=",
      "skip": 0
    },
    {
      "type": "ADD_MODULE",
      "input": {
        "id": "Z9xfHv1K7dQWt1nBeTF9E0ckd5k=",
        "name": "base_operations"
      },
      "scope": "global",
      "id": "215c680e-e7cb-43fa-a894-3779bdf7c7fe",
      "index": 11,
      "timestamp": "2025-04-02T20:15:50.858Z",
      "hash": "1mVsq160xl1JMDc/85/n7JzXlnQ=",
      "skip": 0
    },
    {
      "type": "ADD_OPERATION",
      "input": {
        "id": "qLzJqfXLBcQwkmARZYVtvzslS9M=",
        "moduleId": "Z9xfHv1K7dQWt1nBeTF9E0ckd5k=",
        "name": "ADD_TODO_ITEM_INPUT"
      },
      "scope": "global",
      "id": "5edd537b-7f8e-4021-ba4a-768b06b5fa10",
      "index": 12,
      "timestamp": "2025-04-02T20:16:06.198Z",
      "hash": "mPuA4zu50AZwXfNObmRxjgB9+no=",
      "skip": 0
    },
    {
      "type": "SET_OPERATION_SCHEMA",
      "input": {
        "id": "qLzJqfXLBcQwkmARZYVtvzslS9M=",
        "schema": "input AddTodoItemInputInput {\n  \"Add your inputs here\"\n  _placeholder: String\n}"
      },
      "scope": "global",
      "id": "354d345d-3bc9-4303-be7d-143b2c394af7",
      "index": 13,
      "timestamp": "2025-04-02T20:16:06.249Z",
      "hash": "Y4rfIV8PppOvwSuuGV+JuGn7SfY=",
      "skip": 0
    },
    {
      "type": "SET_OPERATION_SCHEMA",
      "input": {
        "id": "qLzJqfXLBcQwkmARZYVtvzslS9M=",
        "schema": "input AddTodoItemInputInput {\n  id: ID!\n  text: String!\n}"
      },
      "scope": "global",
      "id": "16eef523-0117-47f9-899e-54f490299fdb",
      "index": 14,
      "timestamp": "2025-04-02T20:16:17.750Z",
      "hash": "2RdK9ekD3EjG71ByhjEOH3xFiDk=",
      "skip": 0
    },
    {
      "type": "ADD_OPERATION",
      "input": {
        "id": "CbETp0f80AgUX8fHZUc2DH+YkhI=",
        "moduleId": "Z9xfHv1K7dQWt1nBeTF9E0ckd5k=",
        "name": "UPDATE_TODO_ITEM_INPUT"
      },
      "scope": "global",
      "id": "2abac5f6-d69a-4608-ab26-51a0e0d1fb4a",
      "index": 15,
      "timestamp": "2025-04-02T20:16:29.515Z",
      "hash": "6qQgnHWFpu/+I1B+mUhmCjrqblU=",
      "skip": 0
    },
    {
      "type": "SET_OPERATION_SCHEMA",
      "input": {
        "id": "CbETp0f80AgUX8fHZUc2DH+YkhI=",
        "schema": "input UpdateTodoItemInputInput {\n  \"Add your inputs here\"\n  _placeholder: String\n}"
      },
      "scope": "global",
      "id": "b752172b-d96a-4f09-a7d7-c6063922ecf2",
      "index": 16,
      "timestamp": "2025-04-02T20:16:29.567Z",
      "hash": "mZ9BqU72eouIY/T1LJIgdCNpSaA=",
      "skip": 0
    },
    {
      "type": "SET_OPERATION_SCHEMA",
      "input": {
        "id": "CbETp0f80AgUX8fHZUc2DH+YkhI=",
        "schema": "input UpdateTodoItemInputInput {\n  id: ID!\n  text: String\n  checked: Boolean\n}"
      },
      "scope": "global",
      "id": "b125ccad-3637-4f1e-bdb0-a13cb81c69ce",
      "index": 17,
      "timestamp": "2025-04-02T20:16:38.300Z",
      "hash": "3c8C6kgmE6BXTpHBs9hsbxNTTFw=",
      "skip": 0
    },
    {
      "type": "ADD_OPERATION",
      "input": {
        "id": "ll++NO6W3gr1fs9CUhAp3JlTeak=",
        "moduleId": "Z9xfHv1K7dQWt1nBeTF9E0ckd5k=",
        "name": "DELETE_TODO_ITEM_INPUT"
      },
      "scope": "global",
      "id": "53b5a7b0-599f-4dca-bc4f-276c2dfa7056",
      "index": 18,
      "timestamp": "2025-04-02T20:16:44.631Z",
      "hash": "JJeHCXyKQGDiosBg2FJRfcMyuq4=",
      "skip": 0
    },
    {
      "type": "SET_OPERATION_SCHEMA",
      "input": {
        "id": "ll++NO6W3gr1fs9CUhAp3JlTeak=",
        "schema": "input DeleteTodoItemInputInput {\n  \"Add your inputs here\"\n  _placeholder: String\n}"
      },
      "scope": "global",
      "id": "d31e95d4-d367-42d7-89df-ed1a599f9afd",
      "index": 19,
      "timestamp": "2025-04-02T20:16:44.683Z",
      "hash": "4aHIm1h7sKklaSBdO8TNVwniles=",
      "skip": 0
    },
    {
      "type": "SET_OPERATION_SCHEMA",
      "input": {
        "id": "ll++NO6W3gr1fs9CUhAp3JlTeak=",
        "schema": "input DeleteTodoItemInputInput {\n  id: ID!\n}"
      },
      "scope": "global",
      "id": "d2ce91f5-d5fe-482b-8cc0-86f469a5e097",
      "index": 20,
      "timestamp": "2025-04-02T20:16:56.208Z",
      "hash": "9GFN1CgCuN+eORRwK/Rve3sm+Is=",
      "skip": 0
    }
  ],
  "local": []
}